<?xml version="1.0" encoding="UTF-8"?>
<overview Implementation-Title="Canoo Webtest" Implementation-Version="R_1758">
	<folder name="001_Test011">
<summary duration='4290' starttime='Fri Oct 02 12:24:48 CEST 2009' name='test01-1' successful='yes'><topsteps total='2' notexecuted='0' failed='0' successful='2'></topsteps><steps total='178' notexecuted='1' failed='0' successful='177'></steps><timingprofile number='34' average='117'><range to='1' number='33' from='0'></range><range to='3' number='1' from='1'></range><range to='5' number='0' from='3'></range><range to='10' number='0' from='5'></range><range to='30' number='0' from='10'></range><range number='0' from='30'></range></timingprofile></summary>
</folder>
<folder name="002_Test012">
<summary duration='3370' starttime='Fri Oct 02 12:24:52 CEST 2009' name='test01-2' successful='yes'><topsteps total='3' notexecuted='0' failed='0' successful='3'></topsteps><steps total='380' notexecuted='0' failed='21' successful='359'></steps><timingprofile number='64' average='44'><range to='1' number='64' from='0'></range><range to='3' number='0' from='1'></range><range to='5' number='0' from='3'></range><range to='10' number='0' from='5'></range><range to='30' number='0' from='10'></range><range number='0' from='30'></range></timingprofile></summary>
</folder>

</overview>
